Workbook

Sheet วิธีใช้
B2: ตารางติดตามยอด Affiliate (Shopee → TikTok)
B4: 1. ชีต 'สินค้า': ใส่สินค้าที่โปรโมท 1 แถวต่อ 1 สินค้า (รหัส, ชื่อ, หมวด, แพลตฟอร์ม, ลิงก์, ราคา, % ค่าคอมฯ)
B5: 2. ชีต 'บันทึกรายวัน': ทุกเย็นกรอกตัวเลขจากแดชบอร์ด Affiliate 1 แถวต่อ 1 สินค้าต่อ 1 ช่องทาง
B6: ใส่รหัสสินค้า แล้วชื่อสินค้าและแพลตฟอร์มจะขึ้นเอง
B7: 3. ชีต 'สรุป': คำนวณให้อัตโนมัติ ไม่ต้องแก้
B9: ช่องสีเหลือง = ช่องที่ต้องกรอก · ช่องสีเทา = สูตร ห้ามแก้
B10: แถวแรกของชีต 'สินค้า' และ 'บันทึกรายวัน' เป็นตัวอย่าง ลบหรือเขียนทับได้เลย
B12: ค่าคอมฯ: ถ้ากรอก 'ค่าคอมฯ จริง' จากแดชบอร์ด จะใช้ตัวเลขนั้น ถ้าไม่กรอก จะประมาณจาก ยอดขาย × % ค่าคอมฯ ในชีตสินค้า
B13: CTR = คลิก ÷ วิว · Conversion = ออเดอร์ ÷ คลิก
B14: พอเริ่ม TikTok: เพิ่มสินค้าที่แพลตฟอร์มเป็น 'TikTok Shop' และบันทึกช่องทาง 'TikTok' ได้เลย ไม่ต้องแก้ตาราง

Sheet สินค้า
A1: รหัส | B1: ชื่อสินค้า | C1: หมวด | D1: แพลตฟอร์ม | E1: ลิงก์ affiliate | F1: ราคา (บาท) | G1: ค่าคอมฯ (%) | H1: ค่าคอมฯ ต่อชิ้น (บาท)
A2: P001 | B2: ที่หั่นผักอเนกประสงค์ (ตัวอย่าง) | C2: ของใช้ในบ้าน | D2: Shopee | E2: https://s.shopee.co.th/XXXXXXXX | F2: 89 | G2: 0.08 | H2: =IF(OR(F2="",G2=""),"",F2*G2) -> 7.12
H3: =IF(OR(F3="",G3=""),"",F3*G3)
H4: =IF(OR(F4="",G4=""),"",F4*G4)
H5: =IF(OR(F5="",G5=""),"",F5*G5)
H6: =IF(OR(F6="",G6=""),"",F6*G6)
H7: =IF(OR(F7="",G7=""),"",F7*G7)
H8: =IF(OR(F8="",G8=""),"",F8*G8)
H9: =IF(OR(F9="",G9=""),"",F9*G9)
H10: =IF(OR(F10="",G10=""),"",F10*G10)
H11: =IF(OR(F11="",G11=""),"",F11*G11)
H12: =IF(OR(F12="",G12=""),"",F12*G12)
H13: =IF(OR(F13="",G13=""),"",F13*G13)
H14: =IF(OR(F14="",G14=""),"",F14*G14)
... H101: =IF(OR(F101="",G101=""),"",F101*G101)

Sheet บันทึกรายวัน
A1: วันที่ | B1: รหัสสินค้า | C1: ชื่อสินค้า | D1: แพลตฟอร์ม | E1: ช่องทาง | F1: วิว | G1: คลิก | H1: ออเดอร์ | I1: ยอดขาย (บาท) | J1: ค่าคอมฯ จริง (บาท) ถ้ามี | K1: ค่าคอมฯ (บาท) | L1: CTR | M1: Conversion
A2: 46307 | B2: P001 | C2: =IF(B2="","",IFERROR(INDEX(สินค้า!$B$2:$B$101,MATCH(B2,สินค้า!$A$2:$A$101,0)),"ไม่พบรหัส")) -> ที่หั่นผักอเนกประสงค์ (ตัวอย่าง) | D2: =IF(B2="","",IFERROR(INDEX(สินค้า!$D$2:$D$101,MATCH(B2,สินค้า!$A$2:$A$101,0)),"")) -> Shopee | E2: Shopee Video | F2: 1200 | G2: 36 | H2: 3 | I2: 267 | K2: =IF(J2<>"",J2,IF(I2="","",I2*IFERROR(INDEX(สินค้า!$G$2:$G$101,MATCH(B2,สินค้า!$A$2:$A$101,0)),0))) -> 21.36 | L2: =IF(OR(F2="",F2=0,G2=""),"",G2/F2) -> 0.03 | M2: =IF(OR(G2="",G2=0,H2=""),"",H2/G2) -> 0.083333333
C3: =IF(B3="","",IFERROR(INDEX(สินค้า!$B$2:$B$101,MATCH(B3,สินค้า!$A$2:$A$101,0)),"ไม่พบรหัส")) | D3: =IF(B3="","",IFERROR(INDEX(สินค้า!$D$2:$D$101,MATCH(B3,สินค้า!$A$2:$A$101,0)),"")) | K3: =IF(J3<>"",J3,IF(I3="","",I3*IFERROR(INDEX(สินค้า!$G$2:$G$101,MATCH(B3,สินค้า!$A$2:$A$101,0)),0))) | L3: =IF(OR(F3="",F3=0,G3=""),"",G3/F3) | M3: =IF(OR(G3="",G3=0,H3=""),"",H3/G3)
C4: =IF(B4="","",IFERROR(INDEX(สินค้า!$B$2:$B$101,MATCH(B4,สินค้า!$A$2:$A$101,0)),"ไม่พบรหัส")) | D4: =IF(B4="","",IFERROR(INDEX(สินค้า!$D$2:$D$101,MATCH(B4,สินค้า!$A$2:$A$101,0)),"")) | K4: =IF(J4<>"",J4,IF(I4="","",I4*IFERROR(INDEX(สินค้า!$G$2:$G$101,MATCH(B4,สินค้า!$A$2:$A$101,0)),0))) | L4: =IF(OR(F4="",F4=0,G4=""),"",G4/F4) | M4: =IF(OR(G4="",G4=0,H4=""),"",H4/G4)
C5: =IF(B5="","",IFERROR(INDEX(สินค้า!$B$2:$B$101,MATCH(B5,สินค้า!$A$2:$A$101,0)),"ไม่พบรหัส")) | D5: =IF(B5="","",IFERROR(INDEX(สินค้า!$D$2:$D$101,MATCH(B5,สินค้า!$A$2:$A$101,0)),"")) | K5: =IF(J5<>"",J5,IF(I5="","",I5*IFERROR(INDEX(สินค้า!$G$2:$G$101,MATCH(B5,สินค้า!$A$2:$A$101,0)),0))) | L5: =IF(OR(F5="",F5=0,G5=""),"",G5/F5) | M5: =IF(OR(G5="",G5=0,H5=""),"",H5/G5)
C6: =IF(B6="","",IFERROR(INDEX(สินค้า!$B$2:$B$101,MATCH(B6,สินค้า!$A$2:$A$101,0)),"ไม่พบรหัส")) | D6: =IF(B6="","",IFERROR(INDEX(สินค้า!$D$2:$D$101,MATCH(B6,สินค้า!$A$2:$A$101,0)),"")) | K6: =IF(J6<>"",J6,IF(I6="","",I6*IFERROR(INDEX(สินค้า!$G$2:$G$101,MATCH(B6,สินค้า!$A$2:$A$101,0)),0))) | L6: =IF(OR(F6="",F6=0,G6=""),"",G6/F6) | M6: =IF(OR(G6="",G6=0,H6=""),"",H6/G6)
C7: =IF(B7="","",IFERROR(INDEX(สินค้า!$B$2:$B$101,MATCH(B7,สินค้า!$A$2:$A$101,0)),"ไม่พบรหัส")) | D7: =IF(B7="","",IFERROR(INDEX(สินค้า!$D$2:$D$101,MATCH(B7,สินค้า!$A$2:$A$101,0)),"")) | K7: =IF(J7<>"",J7,IF(I7="","",I7*IFERROR(INDEX(สินค้า!$G$2:$G$101,MATCH(B7,สินค้า!$A$2:$A$101,0)),0))) | L7: =IF(OR(F7="",F7=0,G7=""),"",G7/F7) | M7: =IF(OR(G7="",G7=0,H7=""),"",H7/G7)
C8: =IF(B8="","",IFERROR(INDEX(สินค้า!$B$2:$B$101,MATCH(B8,สินค้า!$A$2:$A$101,0)),"ไม่พบรหัส")) | D8: =IF(B8="","",IFERROR(INDEX(สินค้า!$D$2:$D$101,MATCH(B8,สินค้า!$A$2:$A$101,0)),"")) | K8: =IF(J8<>"",J8,IF(I8="","",I8*IFERROR(INDEX(สินค้า!$G$2:$G$101,MATCH(B8,สินค้า!$A$2:$A$101,0)),0))) | L8: =IF(OR(F8="",F8=0,G8=""),"",G8/F8) | M8: =IF(OR(G8="",G8=0,H8=""),"",H8/G8)
C9: =IF(B9="","",IFERROR(INDEX(สินค้า!$B$2:$B$101,MATCH(B9,สินค้า!$A$2:$A$101,0)),"ไม่พบรหัส")) | D9: =IF(B9="","",IFERROR(INDEX(สินค้า!$D$2:$D$101,MATCH(B9,สินค้า!$A$2:$A$101,0)),"")) | K9: =IF(J9<>"",J9,IF(I9="","",I9*IFERROR(INDEX(สินค้า!$G$2:$G$101,MATCH(B9,สินค้า!$A$2:$A$101,0)),0))) | L9: =IF(OR(F9="",F9=0,G9=""),"",G9/F9) | M9: =IF(OR(G9="",G9=0,H9=""),"",H9/G9)
C10: =IF(B10="","",IFERROR(INDEX(สินค้า!$B$2:$B$101,MATCH(B10,สินค้า!$A$2:$A$101,0)),"ไม่พบรหัส")) | D10: =IF(B10="","",IFERROR(INDEX(สินค้า!$D$2:$D$101,MATCH(B10,สินค้า!$A$2:$A$101,0)),"")) | K10: =IF(J10<>"",J10,IF(I10="","",I10*IFERROR(INDEX(สินค้า!$G$2:$G$101,MATCH(B10,สินค้า!$A$2:$A$101,0)),0))) | L10: =IF(OR(F10="",F10=0,G10=""),"",G10/F10) | M10: =IF(OR(G10="",G10=0,H10=""),"",H10/G10)
C11: =IF(B11="","",IFERROR(INDEX(สินค้า!$B$2:$B$101,MATCH(B11,สินค้า!$A$2:$A$101,0)),"ไม่พบรหัส")) | D11: =IF(B11="","",IFERROR(INDEX(สินค้า!$D$2:$D$101,MATCH(B11,สินค้า!$A$2:$A$101,0)),"")) | K11: =IF(J11<>"",J11,IF(I11="","",I11*IFERROR(INDEX(สินค้า!$G$2:$G$101,MATCH(B11,สินค้า!$A$2:$A$101,0)),0))) | L11: =IF(OR(F11="",F11=0,G11=""),"",G11/F11) | M11: =IF(OR(G11="",G11=0,H11=""),"",H11/G11)
C12: =IF(B12="","",IFERROR(INDEX(สินค้า!$B$2:$B$101,MATCH(B12,สินค้า!$A$2:$A$101,0)),"ไม่พบรหัส")) | D12: =IF(B12="","",IFERROR(INDEX(สินค้า!$D$2:$D$101,MATCH(B12,สินค้า!$A$2:$A$101,0)),"")) | K12: =IF(J12<>"",J12,IF(I12="","",I12*IFERROR(INDEX(สินค้า!$G$2:$G$101,MATCH(B12,สินค้า!$A$2:$A$101,0)),0))) | L12: =IF(OR(F12="",F12=0,G12=""),"",G12/F12) | M12: =IF(OR(G12="",G12=0,H12=""),"",H12/G12)
C13: =IF(B13="","",IFERROR(INDEX(สินค้า!$B$2:$B$101,MATCH(B13,สินค้า!$A$2:$A$101,0)),"ไม่พบรหัส")) | D13: =IF(B13="","",IFERROR(INDEX(สินค้า!$D$2:$D$101,MATCH(B13,สินค้า!$A$2:$A$101,0)),"")) | K13: =IF(J13<>"",J13,IF(I13="","",I13*IFERROR(INDEX(สินค้า!$G$2:$G$101,MATCH(B13,สินค้า!$A$2:$A$101,0)),0))) | L13: =IF(OR(F13="",F13=0,G13=""),"",G13/F13) | M13: =IF(OR(G13="",G13=0,H13=""),"",H13/G13)
C14: =IF(B14="","",IFERROR(INDEX(สินค้า!$B$2:$B$101,MATCH(B14,สินค้า!$A$2:$A$101,0)),"ไม่พบรหัส")) | D14: =IF(B14="","",IFERROR(INDEX(สินค้า!$D$2:$D$101,MATCH(B14,สินค้า!$A$2:$A$101,0)),"")) | K14: =IF(J14<>"",J14,IF(I14="","",I14*IFERROR(INDEX(สินค้า!$G$2:$G$101,MATCH(B14,สินค้า!$A$2:$A$101,0)),0))) | L14: =IF(OR(F14="",F14=0,G14=""),"",G14/F14) | M14: =IF(OR(G14="",G14=0,H14=""),"",H14/G14)
... C1001: =IF(B1001="","",IFERROR(INDEX(สินค้า!$B$2:$B$101,MATCH(B1001,สินค้า!$A$2:$A$101,0)),"ไม่พบรหัส")) | D1001: =IF(B1001="","",IFERROR(INDEX(สินค้า!$D$2:$D$101,MATCH(B1001,สินค้า!$A$2:$A$101,0)),"")) | K1001: =IF(J1001<>"",J1001,IF(I1001="","",I1001*IFERROR(INDEX(สินค้า!$G$2:$G$101,MATCH(B1001,สินค้า!$A$2:$A$101,0)),0))) | L1001: =IF(OR(F1001="",F1001=0,G1001=""),"",G1001/F1001) | M1001: =IF(OR(G1001="",G1001=0,H1001=""),"",H1001/G1001)

Sheet สรุป
A1: สรุปยอด Affiliate
A3: ค่าคอมฯ รวมทั้งหมด (บาท) | B3: =SUM(บันทึกรายวัน!$K$2:$K$1001) -> 21.36
A4: ออเดอร์รวม | B4: =SUM(บันทึกรายวัน!$H$2:$H$1001) -> 3
A5: สินค้าที่ได้ค่าคอมฯ สูงสุด | B5: =IF(MAX(F23:F122)<=0,"ยังไม่มียอด",INDEX(A23:A122,MATCH(MAX(F23:F122),F23:F122,0))) -> ที่หั่นผักอเนกประสงค์ (ตัวอย่าง)
A7: แยกตามช่องทาง
A8: ช่องทาง | B8: วิว | C8: คลิก | D8: ออเดอร์ | E8: ยอดขาย (บาท) | F8: ค่าคอมฯ (บาท) | G8: CTR | H8: Conversion
A9: Shopee Video | B9: =IF($A9="","",SUMIFS(บันทึกรายวัน!$F$2:$F$1001,บันทึกรายวัน!$E$2:$E$1001,$A9)) -> 1200 | C9: =IF($A9="","",SUMIFS(บันทึกรายวัน!$G$2:$G$1001,บันทึกรายวัน!$E$2:$E$1001,$A9)) -> 36 | D9: =IF($A9="","",SUMIFS(บันทึกรายวัน!$H$2:$H$1001,บันทึกรายวัน!$E$2:$E$1001,$A9)) -> 3 | E9: =IF($A9="","",SUMIFS(บันทึกรายวัน!$I$2:$I$1001,บันทึกรายวัน!$E$2:$E$1001,$A9)) -> 267 | F9: =IF($A9="","",SUMIFS(บันทึกรายวัน!$K$2:$K$1001,บันทึกรายวัน!$E$2:$E$1001,$A9)) -> 21.36 | G9: =IF(OR($A9="",N(B9)=0),"",C9/B9) -> 0.03 | H9: =IF(OR($A9="",N(C9)=0),"",D9/C9) -> 0.083333333
A10: Facebook | B10: =IF($A10="","",SUMIFS(บันทึกรายวัน!$F$2:$F$1001,บันทึกรายวัน!$E$2:$E$1001,$A10)) -> 0 | C10: =IF($A10="","",SUMIFS(บันทึกรายวัน!$G$2:$G$1001,บันทึกรายวัน!$E$2:$E$1001,$A10)) -> 0 | D10: =IF($A10="","",SUMIFS(บันทึกรายวัน!$H$2:$H$1001,บันทึกรายวัน!$E$2:$E$1001,$A10)) -> 0 | E10: =IF($A10="","",SUMIFS(บันทึกรายวัน!$I$2:$I$1001,บันทึกรายวัน!$E$2:$E$1001,$A10)) -> 0 | F10: =IF($A10="","",SUMIFS(บันทึกรายวัน!$K$2:$K$1001,บันทึกรายวัน!$E$2:$E$1001,$A10)) -> 0 | G10: =IF(OR($A10="",N(B10)=0),"",C10/B10) | H10: =IF(OR($A10="",N(C10)=0),"",D10/C10)
A11: Instagram | B11: =IF($A11="","",SUMIFS(บันทึกรายวัน!$F$2:$F$1001,บันทึกรายวัน!$E$2:$E$1001,$A11)) -> 0 | C11: =IF($A11="","",SUMIFS(บันทึกรายวัน!$G$2:$G$1001,บันทึกรายวัน!$E$2:$E$1001,$A11)) -> 0 | D11: =IF($A11="","",SUMIFS(บันทึกรายวัน!$H$2:$H$1001,บันทึกรายวัน!$E$2:$E$1001,$A11)) -> 0 | E11: =IF($A11="","",SUMIFS(บันทึกรายวัน!$I$2:$I$1001,บันทึกรายวัน!$E$2:$E$1001,$A11)) -> 0 | F11: =IF($A11="","",SUMIFS(บันทึกรายวัน!$K$2:$K$1001,บันทึกรายวัน!$E$2:$E$1001,$A11)) -> 0 | G11: =IF(OR($A11="",N(B11)=0),"",C11/B11) | H11: =IF(OR($A11="",N(C11)=0),"",D11/C11)
A12: LINE | B12: =IF($A12="","",SUMIFS(บันทึกรายวัน!$F$2:$F$1001,บันทึกรายวัน!$E$2:$E$1001,$A12)) -> 0 | C12: =IF($A12="","",SUMIFS(บันทึกรายวัน!$G$2:$G$1001,บันทึกรายวัน!$E$2:$E$1001,$A12)) -> 0 | D12: =IF($A12="","",SUMIFS(บันทึกรายวัน!$H$2:$H$1001,บันทึกรายวัน!$E$2:$E$1001,$A12)) -> 0 | E12: =IF($A12="","",SUMIFS(บันทึกรายวัน!$I$2:$I$1001,บันทึกรายวัน!$E$2:$E$1001,$A12)) -> 0 | F12: =IF($A12="","",SUMIFS(บันทึกรายวัน!$K$2:$K$1001,บันทึกรายวัน!$E$2:$E$1001,$A12)) -> 0 | G12: =IF(OR($A12="",N(B12)=0),"",C12/B12) | H12: =IF(OR($A12="",N(C12)=0),"",D12/C12)
A13: Link-in-bio | B13: =IF($A13="","",SUMIFS(บันทึกรายวัน!$F$2:$F$1001,บันทึกรายวัน!$E$2:$E$1001,$A13)) -> 0 | C13: =IF($A13="","",SUMIFS(บันทึกรายวัน!$G$2:$G$1001,บันทึกรายวัน!$E$2:$E$1001,$A13)) -> 0 | D13: =IF($A13="","",SUMIFS(บันทึกรายวัน!$H$2:$H$1001,บันทึกรายวัน!$E$2:$E$1001,$A13)) -> 0 | E13: =IF($A13="","",SUMIFS(บันทึกรายวัน!$I$2:$I$1001,บันทึกรายวัน!$E$2:$E$1001,$A13)) -> 0 | F13: =IF($A13="","",SUMIFS(บันทึกรายวัน!$K$2:$K$1001,บันทึกรายวัน!$E$2:$E$1001,$A13)) -> 0 | G13: =IF(OR($A13="",N(B13)=0),"",C13/B13) | H13: =IF(OR($A13="",N(C13)=0),"",D13/C13)
A14: TikTok | B14: =IF($A14="","",SUMIFS(บันทึกรายวัน!$F$2:$F$1001,บันทึกรายวัน!$E$2:$E$1001,$A14)) -> 0 | C14: =IF($A14="","",SUMIFS(บันทึกรายวัน!$G$2:$G$1001,บันทึกรายวัน!$E$2:$E$1001,$A14)) -> 0 | D14: =IF($A14="","",SUMIFS(บันทึกรายวัน!$H$2:$H$1001,บันทึกรายวัน!$E$2:$E$1001,$A14)) -> 0 | E14: =IF($A14="","",SUMIFS(บันทึกรายวัน!$I$2:$I$1001,บันทึกรายวัน!$E$2:$E$1001,$A14)) -> 0 | F14: =IF($A14="","",SUMIFS(บันทึกรายวัน!$K$2:$K$1001,บันทึกรายวัน!$E$2:$E$1001,$A14)) -> 0 | G14: =IF(OR($A14="",N(B14)=0),"",C14/B14) | H14: =IF(OR($A14="",N(C14)=0),"",D14/C14)
A16: แยกตามแพลตฟอร์ม
A17: แพลตฟอร์ม | B17: วิว | C17: คลิก | D17: ออเดอร์ | E17: ยอดขาย (บาท) | F17: ค่าคอมฯ (บาท) | G17: CTR | H17: Conversion
A18: Shopee | B18: =IF($A18="","",SUMIFS(บันทึกรายวัน!$F$2:$F$1001,บันทึกรายวัน!$D$2:$D$1001,$A18)) -> 1200 | C18: =IF($A18="","",SUMIFS(บันทึกรายวัน!$G$2:$G$1001,บันทึกรายวัน!$D$2:$D$1001,$A18)) -> 36 | D18: =IF($A18="","",SUMIFS(บันทึกรายวัน!$H$2:$H$1001,บันทึกรายวัน!$D$2:$D$1001,$A18)) -> 3 | E18: =IF($A18="","",SUMIFS(บันทึกรายวัน!$I$2:$I$1001,บันทึกรายวัน!$D$2:$D$1001,$A18)) -> 267 | F18: =IF($A18="","",SUMIFS(บันทึกรายวัน!$K$2:$K$1001,บันทึกรายวัน!$D$2:$D$1001,$A18)) -> 21.36 | G18: =IF(OR($A18="",N(B18)=0),"",C18/B18) -> 0.03 | H18: =IF(OR($A18="",N(C18)=0),"",D18/C18) -> 0.083333333
A19: TikTok Shop | B19: =IF($A19="","",SUMIFS(บันทึกรายวัน!$F$2:$F$1001,บันทึกรายวัน!$D$2:$D$1001,$A19)) -> 0 | C19: =IF($A19="","",SUMIFS(บันทึกรายวัน!$G$2:$G$1001,บันทึกรายวัน!$D$2:$D$1001,$A19)) -> 0 | D19: =IF($A19="","",SUMIFS(บันทึกรายวัน!$H$2:$H$1001,บันทึกรายวัน!$D$2:$D$1001,$A19)) -> 0 | E19: =IF($A19="","",SUMIFS(บันทึกรายวัน!$I$2:$I$1001,บันทึกรายวัน!$D$2:$D$1001,$A19)) -> 0 | F19: =IF($A19="","",SUMIFS(บันทึกรายวัน!$K$2:$K$1001,บันทึกรายวัน!$D$2:$D$1001,$A19)) -> 0 | G19: =IF(OR($A19="",N(B19)=0),"",C19/B19) | H19: =IF(OR($A19="",N(C19)=0),"",D19/C19)
A21: แยกตามสินค้า
A22: สินค้า | B22: วิว | C22: คลิก | D22: ออเดอร์ | E22: ยอดขาย (บาท) | F22: ค่าคอมฯ (บาท) | G22: CTR | H22: Conversion
A23: =IF(สินค้า!B2="","",สินค้า!B2) -> ที่หั่นผักอเนกประสงค์ (ตัวอย่าง) | B23: =IF($A23="","",SUMIFS(บันทึกรายวัน!$F$2:$F$1001,บันทึกรายวัน!$B$2:$B$1001,สินค้า!$A2)) -> 1200 | C23: =IF($A23="","",SUMIFS(บันทึกรายวัน!$G$2:$G$1001,บันทึกรายวัน!$B$2:$B$1001,สินค้า!$A2)) -> 36 | D23: =IF($A23="","",SUMIFS(บันทึกรายวัน!$H$2:$H$1001,บันทึกรายวัน!$B$2:$B$1001,สินค้า!$A2)) -> 3 | E23: =IF($A23="","",SUMIFS(บันทึกรายวัน!$I$2:$I$1001,บันทึกรายวัน!$B$2:$B$1001,สินค้า!$A2)) -> 267 | F23: =IF($A23="","",SUMIFS(บันทึกรายวัน!$K$2:$K$1001,บันทึกรายวัน!$B$2:$B$1001,สินค้า!$A2)) -> 21.36 | G23: =IF(OR($A23="",N(B23)=0),"",C23/B23) -> 0.03 | H23: =IF(OR($A23="",N(C23)=0),"",D23/C23) -> 0.083333333
A24: =IF(สินค้า!B3="","",สินค้า!B3) | B24: =IF($A24="","",SUMIFS(บันทึกรายวัน!$F$2:$F$1001,บันทึกรายวัน!$B$2:$B$1001,สินค้า!$A3)) | C24: =IF($A24="","",SUMIFS(บันทึกรายวัน!$G$2:$G$1001,บันทึกรายวัน!$B$2:$B$1001,สินค้า!$A3)) | D24: =IF($A24="","",SUMIFS(บันทึกรายวัน!$H$2:$H$1001,บันทึกรายวัน!$B$2:$B$1001,สินค้า!$A3)) | E24: =IF($A24="","",SUMIFS(บันทึกรายวัน!$I$2:$I$1001,บันทึกรายวัน!$B$2:$B$1001,สินค้า!$A3)) | F24: =IF($A24="","",SUMIFS(บันทึกรายวัน!$K$2:$K$1001,บันทึกรายวัน!$B$2:$B$1001,สินค้า!$A3)) | G24: =IF(OR($A24="",N(B24)=0),"",C24/B24) | H24: =IF(OR($A24="",N(C24)=0),"",D24/C24)
A25: =IF(สินค้า!B4="","",สินค้า!B4) | B25: =IF($A25="","",SUMIFS(บันทึกรายวัน!$F$2:$F$1001,บันทึกรายวัน!$B$2:$B$1001,สินค้า!$A4)) | C25: =IF($A25="","",SUMIFS(บันทึกรายวัน!$G$2:$G$1001,บันทึกรายวัน!$B$2:$B$1001,สินค้า!$A4)) | D25: =IF($A25="","",SUMIFS(บันทึกรายวัน!$H$2:$H$1001,บันทึกรายวัน!$B$2:$B$1001,สินค้า!$A4)) | E25: =IF($A25="","",SUMIFS(บันทึกรายวัน!$I$2:$I$1001,บันทึกรายวัน!$B$2:$B$1001,สินค้า!$A4)) | F25: =IF($A25="","",SUMIFS(บันทึกรายวัน!$K$2:$K$1001,บันทึกรายวัน!$B$2:$B$1001,สินค้า!$A4)) | G25: =IF(OR($A25="",N(B25)=0),"",C25/B25) | H25: =IF(OR($A25="",N(C25)=0),"",D25/C25)
A26: =IF(สินค้า!B5="","",สินค้า!B5) | B26: =IF($A26="","",SUMIFS(บันทึกรายวัน!$F$2:$F$1001,บันทึกรายวัน!$B$2:$B$1001,สินค้า!$A5)) | C26: =IF($A26="","",SUMIFS(บันทึกรายวัน!$G$2:$G$1001,บันทึกรายวัน!$B$2:$B$1001,สินค้า!$A5)) | D26: =IF($A26="","",SUMIFS(บันทึกรายวัน!$H$2:$H$1001,บันทึกรายวัน!$B$2:$B$1001,สินค้า!$A5)) | E26: =IF($A26="","",SUMIFS(บันทึกรายวัน!$I$2:$I$1001,บันทึกรายวัน!$B$2:$B$1001,สินค้า!$A5)) | F26: =IF($A26="","",SUMIFS(บันทึกรายวัน!$K$2:$K$1001,บันทึกรายวัน!$B$2:$B$1001,สินค้า!$A5)) | G26: =IF(OR($A26="",N(B26)=0),"",C26/B26) | H26: =IF(OR($A26="",N(C26)=0),"",D26/C26)
A27: =IF(สินค้า!B6="","",สินค้า!B6) | B27: =IF($A27="","",SUMIFS(บันทึกรายวัน!$F$2:$F$1001,บันทึกรายวัน!$B$2:$B$1001,สินค้า!$A6)) | C27: =IF($A27="","",SUMIFS(บันทึกรายวัน!$G$2:$G$1001,บันทึกรายวัน!$B$2:$B$1001,สินค้า!$A6)) | D27: =IF($A27="","",SUMIFS(บันทึกรายวัน!$H$2:$H$1001,บันทึกรายวัน!$B$2:$B$1001,สินค้า!$A6)) | E27: =IF($A27="","",SUMIFS(บันทึกรายวัน!$I$2:$I$1001,บันทึกรายวัน!$B$2:$B$1001,สินค้า!$A6)) | F27: =IF($A27="","",SUMIFS(บันทึกรายวัน!$K$2:$K$1001,บันทึกรายวัน!$B$2:$B$1001,สินค้า!$A6)) | G27: =IF(OR($A27="",N(B27)=0),"",C27/B27) | H27: =IF(OR($A27="",N(C27)=0),"",D27/C27)
A28: =IF(สินค้า!B7="","",สินค้า!B7) | B28: =IF($A28="","",SUMIFS(บันทึกรายวัน!$F$2:$F$1001,บันทึกรายวัน!$B$2:$B$1001,สินค้า!$A7)) | C28: =IF($A28="","",SUMIFS(บันทึกรายวัน!$G$2:$G$1001,บันทึกรายวัน!$B$2:$B$1001,สินค้า!$A7)) | D28: =IF($A28="","",SUMIFS(บันทึกรายวัน!$H$2:$H$1001,บันทึกรายวัน!$B$2:$B$1001,สินค้า!$A7)) | E28: =IF($A28="","",SUMIFS(บันทึกรายวัน!$I$2:$I$1001,บันทึกรายวัน!$B$2:$B$1001,สินค้า!$A7)) | F28: =IF($A28="","",SUMIFS(บันทึกรายวัน!$K$2:$K$1001,บันทึกรายวัน!$B$2:$B$1001,สินค้า!$A7)) | G28: =IF(OR($A28="",N(B28)=0),"",C28/B28) | H28: =IF(OR($A28="",N(C28)=0),"",D28/C28)
A29: =IF(สินค้า!B8="","",สินค้า!B8) | B29: =IF($A29="","",SUMIFS(บันทึกรายวัน!$F$2:$F$1001,บันทึกรายวัน!$B$2:$B$1001,สินค้า!$A8)) | C29: =IF($A29="","",SUMIFS(บันทึกรายวัน!$G$2:$G$1001,บันทึกรายวัน!$B$2:$B$1001,สินค้า!$A8)) | D29: =IF($A29="","",SUMIFS(บันทึกรายวัน!$H$2:$H$1001,บันทึกรายวัน!$B$2:$B$1001,สินค้า!$A8)) | E29: =IF($A29="","",SUMIFS(บันทึกรายวัน!$I$2:$I$1001,บันทึกรายวัน!$B$2:$B$1001,สินค้า!$A8)) | F29: =IF($A29="","",SUMIFS(บันทึกรายวัน!$K$2:$K$1001,บันทึกรายวัน!$B$2:$B$1001,สินค้า!$A8)) | G29: =IF(OR($A29="",N(B29)=0),"",C29/B29) | H29: =IF(OR($A29="",N(C29)=0),"",D29/C29)
A30: =IF(สินค้า!B9="","",สินค้า!B9) | B30: =IF($A30="","",SUMIFS(บันทึกรายวัน!$F$2:$F$1001,บันทึกรายวัน!$B$2:$B$1001,สินค้า!$A9)) | C30: =IF($A30="","",SUMIFS(บันทึกรายวัน!$G$2:$G$1001,บันทึกรายวัน!$B$2:$B$1001,สินค้า!$A9)) | D30: =IF($A30="","",SUMIFS(บันทึกรายวัน!$H$2:$H$1001,บันทึกรายวัน!$B$2:$B$1001,สินค้า!$A9)) | E30: =IF($A30="","",SUMIFS(บันทึกรายวัน!$I$2:$I$1001,บันทึกรายวัน!$B$2:$B$1001,สินค้า!$A9)) | F30: =IF($A30="","",SUMIFS(บันทึกรายวัน!$K$2:$K$1001,บันทึกรายวัน!$B$2:$B$1001,สินค้า!$A9)) | G30: =IF(OR($A30="",N(B30)=0),"",C30/B30) | H30: =IF(OR($A30="",N(C30)=0),"",D30/C30)
A31: =IF(สินค้า!B10="","",สินค้า!B10) | B31: =IF($A31="","",SUMIFS(บันทึกรายวัน!$F$2:$F$1001,บันทึกรายวัน!$B$2:$B$1001,สินค้า!$A10)) | C31: =IF($A31="","",SUMIFS(บันทึกรายวัน!$G$2:$G$1001,บันทึกรายวัน!$B$2:$B$1001,สินค้า!$A10)) | D31: =IF($A31="","",SUMIFS(บันทึกรายวัน!$H$2:$H$1001,บันทึกรายวัน!$B$2:$B$1001,สินค้า!$A10)) | E31: =IF($A31="","",SUMIFS(บันทึกรายวัน!$I$2:$I$1001,บันทึกรายวัน!$B$2:$B$1001,สินค้า!$A10)) | F31: =IF($A31="","",SUMIFS(บันทึกรายวัน!$K$2:$K$1001,บันทึกรายวัน!$B$2:$B$1001,สินค้า!$A10)) | G31: =IF(OR($A31="",N(B31)=0),"",C31/B31) | H31: =IF(OR($A31="",N(C31)=0),"",D31/C31)
A32: =IF(สินค้า!B11="","",สินค้า!B11) | B32: =IF($A32="","",SUMIFS(บันทึกรายวัน!$F$2:$F$1001,บันทึกรายวัน!$B$2:$B$1001,สินค้า!$A11)) | C32: =IF($A32="","",SUMIFS(บันทึกรายวัน!$G$2:$G$1001,บันทึกรายวัน!$B$2:$B$1001,สินค้า!$A11)) | D32: =IF($A32="","",SUMIFS(บันทึกรายวัน!$H$2:$H$1001,บันทึกรายวัน!$B$2:$B$1001,สินค้า!$A11)) | E32: =IF($A32="","",SUMIFS(บันทึกรายวัน!$I$2:$I$1001,บันทึกรายวัน!$B$2:$B$1001,สินค้า!$A11)) | F32: =IF($A32="","",SUMIFS(บันทึกรายวัน!$K$2:$K$1001,บันทึกรายวัน!$B$2:$B$1001,สินค้า!$A11)) | G32: =IF(OR($A32="",N(B32)=0),"",C32/B32) | H32: =IF(OR($A32="",N(C32)=0),"",D32/C32)
A33: =IF(สินค้า!B12="","",สินค้า!B12) | B33: =IF($A33="","",SUMIFS(บันทึกรายวัน!$F$2:$F$1001,บันทึกรายวัน!$B$2:$B$1001,สินค้า!$A12)) | C33: =IF($A33="","",SUMIFS(บันทึกรายวัน!$G$2:$G$1001,บันทึกรายวัน!$B$2:$B$1001,สินค้า!$A12)) | D33: =IF($A33="","",SUMIFS(บันทึกรายวัน!$H$2:$H$1001,บันทึกรายวัน!$B$2:$B$1001,สินค้า!$A12)) | E33: =IF($A33="","",SUMIFS(บันทึกรายวัน!$I$2:$I$1001,บันทึกรายวัน!$B$2:$B$1001,สินค้า!$A12)) | F33: =IF($A33="","",SUMIFS(บันทึกรายวัน!$K$2:$K$1001,บันทึกรายวัน!$B$2:$B$1001,สินค้า!$A12)) | G33: =IF(OR($A33="",N(B33)=0),"",C33/B33) | H33: =IF(OR($A33="",N(C33)=0),"",D33/C33)
A34: =IF(สินค้า!B13="","",สินค้า!B13) | B34: =IF($A34="","",SUMIFS(บันทึกรายวัน!$F$2:$F$1001,บันทึกรายวัน!$B$2:$B$1001,สินค้า!$A13)) | C34: =IF($A34="","",SUMIFS(บันทึกรายวัน!$G$2:$G$1001,บันทึกรายวัน!$B$2:$B$1001,สินค้า!$A13)) | D34: =IF($A34="","",SUMIFS(บันทึกรายวัน!$H$2:$H$1001,บันทึกรายวัน!$B$2:$B$1001,สินค้า!$A13)) | E34: =IF($A34="","",SUMIFS(บันทึกรายวัน!$I$2:$I$1001,บันทึกรายวัน!$B$2:$B$1001,สินค้า!$A13)) | F34: =IF($A34="","",SUMIFS(บันทึกรายวัน!$K$2:$K$1001,บันทึกรายวัน!$B$2:$B$1001,สินค้า!$A13)) | G34: =IF(OR($A34="",N(B34)=0),"",C34/B34) | H34: =IF(OR($A34="",N(C34)=0),"",D34/C34)
... A122: =IF(สินค้า!B101="","",สินค้า!B101) | B122: =IF($A122="","",SUMIFS(บันทึกรายวัน!$F$2:$F$1001,บันทึกรายวัน!$B$2:$B$1001,สินค้า!$A101)) | C122: =IF($A122="","",SUMIFS(บันทึกรายวัน!$G$2:$G$1001,บันทึกรายวัน!$B$2:$B$1001,สินค้า!$A101)) | D122: =IF($A122="","",SUMIFS(บันทึกรายวัน!$H$2:$H$1001,บันทึกรายวัน!$B$2:$B$1001,สินค้า!$A101)) | E122: =IF($A122="","",SUMIFS(บันทึกรายวัน!$I$2:$I$1001,บันทึกรายวัน!$B$2:$B$1001,สินค้า!$A101)) | F122: =IF($A122="","",SUMIFS(บันทึกรายวัน!$K$2:$K$1001,บันทึกรายวัน!$B$2:$B$1001,สินค้า!$A101)) | G122: =IF(OR($A122="",N(B122)=0),"",C122/B122) | H122: =IF(OR($A122="",N(C122)=0),"",D122/C122)
